SourceID,Title,SourceURL,TargetFamily,EvidenceLevel,Status,Notes
T001,CONTENT PLAN ĐA KÊNH – Quản lý & báo cáo nội dung đa kênh (Có tích hợp báo cáo & Lịch bài…,https://taphoasheet.store/product/content-plan-da-kenh-quan-ly-bao-cao-noi-dung-da-kenh-co-tich-hop-bao-cao-lich-bai-dang/,F04,Có mô tả công khai,mapped,Danh mục công khai
T002,CRM Ô TÔ PRO – Hệ Thống Theo Dõi Chăm Sóc Khách Hàng Ô TÔ,https://taphoasheet.store/product/crm-o-to-pro-he-thong-theo-doi-cham-soc-khach-hang-o-to/,F06,Có mô tả công khai,mapped,Danh mục công khai
T003,Google Sheet – Quản lý định lượng sản phẩm dùng cho SPA – Nail,https://taphoasheet.store/product/google-sheet-quan-ly-dinh-luong-san-pham-dung-cho-spa-nail/,F16,Có mô tả công khai,mapped,Danh mục công khai
T004,Google Sheet – Quản lý Hợp đồng & Theo dõi Phát sinh,https://taphoasheet.store/product/google-sheet-quan-ly-hop-dong-theo-doi-phat-sinh/,F07,Có mô tả công khai,mapped,Danh mục công khai
T005,Google Sheet – Quản lý văn bản đến & công việc dành cho cơ quan 1.0,https://taphoasheet.store/product/google-sheet-quan-ly-van-ban-den-cong-viec-danh-cho-co-quan-1-0/,F08,Có mô tả công khai,mapped,Danh mục công khai
T006,LÀM CHỦ CÔNG VIỆC – TASK TRACKER V5 PRO,https://taphoasheet.store/product/lam-chu-cong-viec-task-tracker-v5-pro/,F01,Có mô tả công khai,implemented_local,Danh mục công khai
T007,QUẢN LÝ CÔNG VIỆC & DỰ ÁN DÀNH CHO XÂY DỰNG (Tích hợp phần mềm báo cáo & lịch theo dõi),https://taphoasheet.store/product/quan-ly-cong-viec-du-an-danh-cho-xay-dung-tich-hop-phan-mem-bao-cao-lich-theo-doi/,F03,Có mô tả công khai,mapped,Danh mục công khai
T008,Quản lý dự án & công việc toàn diện (Tích hợp Dashboard báo cáo & đánh giá) 2026,https://taphoasheet.store/product/quan-ly-du-an-cong-viec-toan-dien/,F02,Có mô tả công khai,mapped,Danh mục công khai
T009,"QUẢN LÝ LỊCH CÔNG TÁC QUẢN LÝ LỊCH HỌP – CÔNG TÁC DÀNH CHO SẾP, LÃNH ĐẠO",https://taphoasheet.store/product/quan-ly-lich-cong-tac-quan-ly-lich-hop-cong-tac-danh-cho-sep-lanh-dao/,F09,Có mô tả công khai,mapped,Danh mục công khai
T010,Task Management Pro – Tích hợp APP quản lý & Báo cáo công việc 1.0,https://taphoasheet.store/product/task-management-pro-hon-ca-phan-mem-tich-hop-app-quan-ly-bao-cao-cong-viec-1-0/,F02,Có mô tả công khai,mapped,Danh mục công khai
T011,TASK TRACKER – QUẢN LÝ CÔNG VIỆC ĐỘI NHÓM VERSION 2.0,https://taphoasheet.store/product/task-tracker-quan-ly-cong-viec-doi-nhom-version-2-0/,F02,Có mô tả công khai,mapped,Danh mục công khai
T012,"THEO DÕI Ý KIẾN CHỈ ĐẠO, CÔNG VIỆC, VĂN BẢN QUẢN LÝ VĂN BẢN / CHỈ ĐẠO",https://taphoasheet.store/product/theo-doi-y-kien-chi-dao-cong-viec/,F08,Có mô tả công khai,mapped,Danh mục công khai
T013,TO DO LIST – QUẢN LÝ CÔNG VIỆC CÁ NHÂN,https://taphoasheet.store/product/to-do-list-quan-ly-cong-viec-ca-nhan/,F01,Có mô tả công khai,implemented_local,Danh mục công khai
T014,"WEB APP – HOMESTAY & HOTEL ALL IN ONE (Quản lý phòng, booking, khách hàng, vận hành, thu chi, dọn phòng)",https://taphoasheet.store/product/web-app-homestay-hotel-all-in-one/,F10,Có mô tả công khai,mapped,Danh mục công khai
T015,Web App – Quản lý chi phí / tiền mừng đám cưới thông minh & tự động,https://taphoasheet.store/product/web-app-quan-ly-chi-phi-tien-mung-dam-cuoi-thong-minh-tu-dong/,F11,Có mô tả công khai,mapped,Danh mục công khai
T016,"WEB APP – Quản lý Công việc & KPI Đội nhóm (Tính KPI, duyệt tiến độ, công việc, có email nhắc việc…",https://taphoasheet.store/product/web-app-quan-ly-cong-viec-kpi-doi-nhom/,F02,Có mô tả công khai,mapped,Danh mục công khai
T017,"Web app – Quản lý thông tin nhân sự & tuyển dụng (Danh sách ứng viên, lịch phỏng vấn, hồ sơ nhân…",https://taphoasheet.store/product/web-app-quan-ly-thong-tin-nhan-su-tuyen-dung-danh-sach-ung-vien-lich-phong-van-ho-so-nhan-su-sinh-nhat/,F12+F13,Có mô tả công khai,mapped,Danh mục công khai
T018,"Web App – Quản lý thuê quần áo & phụ kiện thông minh, giúp quản lý thông tin khách hàng, lịch thuê…",https://taphoasheet.store/product/web-app-quan-ly-lich-thue-quan-ao/,F14,Có mô tả công khai,mapped,Danh mục công khai
T019,"WEB APP – Quản lý văn bản đến / Đi, Công việc, Nhân sự 4.0 (Chuyên nghiệp, dễ dùng có hướng dẫn…",https://taphoasheet.store/product/web-app-quan-ly-van-ban-den-di-cong/,F08+F12,Có mô tả công khai,mapped,Danh mục công khai
T020,"Web App Sheet – Quản lý lịch thuê xe máy / ô tô · Có quản lý thông tin khách hàng, chi…",https://taphoasheet.store/product/web-app-sheet-quan-ly-lich-thue-xe-may-o-to/,F15,Có mô tả công khai,mapped,Danh mục công khai
G001,Google Sheets · Báo cáo tài chính cá nhân,https://gsheets.vn/template/bao-cao-tai-chinh-ca-nhan/,F33,Mô tả ngắn,mapped,Danh mục công khai
G002,Webapp · Quản lý thu chi Doanh nghiệp (v4.1 startup),https://gsheets.vn/template/webapp-quan-ly-thu-chi-doanh-nghiep-v4-1-startup/,F17,Có mô tả công khai,mapped,Danh mục công khai
G003,Webapp · Quản Lý Nhập Xuất Tồn Kho (v3.0),https://gsheets.vn/template/webapp-quan-ly-nhap-xuat-ton-kho-v3-0/,F18,Có mô tả công khai,mapped,Danh mục công khai
G004,Webapp · Quản lý công việc (v2.3),https://gsheets.vn/template/webapp-quan-ly-cong-viec-v2-3/,F02,Có mô tả công khai,mapped,Danh mục công khai
G005,Webapp · Quản lý Báo giá (v1.0),https://gsheets.vn/template/webapp-quan-ly-bao-gia-v1-0/,F19,Có mô tả công khai,mapped,Danh mục công khai
G006,"Google Sheets · Chuyển đổi vùng chọn thành Hình ảnh, PDF",https://gsheets.vn/template/extension-chuyen-doi-vung-chon-thanh-hinh-anh-pdf/,U02,Có mô tả công khai,mapped,Danh mục công khai
G007,Webapp · Hệ thống tạo Form và Phân quyền dữ liệu (v2.2),https://gsheets.vn/template/webapp-he-thong-tao-form-va-phan-quyen-du-lieu-v2-2/,F21,Có mô tả công khai,mapped,Danh mục công khai
G008,Google Sheets · Dashboard Bất Động Sản (v1.0),https://gsheets.vn/template/dashboard-bat-dong-san-v1-0/,F22,Có mô tả công khai,mapped,Danh mục công khai
G009,"Webapp · Quản Lý Thu Chi Tiệm Sửa Xe, Hộ Kinh Doanh (v2.0)",https://gsheets.vn/template/webapp-quan-ly-thu-chi-tiem-sua-xe-ho-kinh-doanh-v2-0/,F23,Có mô tả công khai,mapped,Danh mục công khai
G010,Webapp · Quản Trị Mini-ERP (v1.0),https://gsheets.vn/template/webapp-quan-tri-mini-erp-v1-0/,F24,Có mô tả công khai,mapped,Danh mục công khai
G011,"Webapp · Quản Lý Thu Chi Tiệm Sửa Xe, Hộ Kinh Doanh (v1.0)",https://gsheets.vn/template/webapp-quan-ly-thu-chi-tiem-sua-xe-ho-kinh-doanh-v1-0/,F23,Có mô tả công khai,mapped,Danh mục công khai
G012,Webapp · Quản lý chăm sóc khách hàng (v7.1),https://gsheets.vn/template/webapp-quan-ly-cham-soc-khach-hang-v7-1/,F05,Có mô tả công khai,mapped,Danh mục công khai
G013,"Webapp · Quản lý quán Cafe, Nhà hàng, Quán ăn (v3.0)",https://gsheets.vn/template/webapp-quan-ly-quan-cafe-nha-hang-quan-an-v3-0/,F25,Có mô tả công khai,mapped,Danh mục công khai
G014,Webapp · Quản Lý Lớp Học (v2.0),https://gsheets.vn/template/webapp-quan-ly-lop-hoc-v2-0/,F26,Có mô tả công khai,mapped,Danh mục công khai
G015,Webapp · Quản Lý App Tập Trung (v2.0),https://gsheets.vn/template/webapp-quan-ly-app-v2-0/,F27,Có mô tả công khai,mapped,Danh mục công khai
G016,Webapp · Quản Lý App Tập Trung (v1.0),https://gsheets.vn/template/webapp-quan-ly-app-v1-0/,F27,Có mô tả công khai,mapped,Danh mục công khai
G017,Webapp · Quản lý thu chi Doanh nghiệp (v4.1),https://gsheets.vn/template/webapp-quan-ly-thu-chi-doanh-nghiep-v4-1/,F17,Có mô tả công khai,mapped,Danh mục công khai
G018,Webapp · Quản lý công việc (v2.2),https://gsheets.vn/template/webapp-quan-ly-cong-viec-v2-2/,F02,Có mô tả công khai,mapped,Danh mục công khai
G019,Webapp · Quản Lý Bán Hàng (v1.1),https://gsheets.vn/template/webapp-quan-ly-ban-hang-v1-1/,F20,Có mô tả công khai,mapped,Danh mục công khai
G020,Webapp · Quản Lý Lớp Học (v1.0),https://gsheets.vn/template/webapp-quan-ly-lop-hoc-v1-0/,F26,Có mô tả công khai,mapped,Danh mục công khai
G021,Webapp · Quản Lý Bán Hàng (v1.0),https://gsheets.vn/template/webapp-quan-ly-ban-hang-v1-0/,F20,Có mô tả công khai,mapped,Danh mục công khai
G022,Webapp · Quản lý thu chi Doanh nghiệp (v4.0),https://gsheets.vn/template/webapp-quan-ly-thu-chi-doanh-nghiep-v4-0/,F17,Có mô tả công khai,mapped,Danh mục công khai
G023,Webapp · Quản lý thu chi Doanh nghiệp (v3.1),https://gsheets.vn/template/webapp-quan-ly-thu-chi-doanh-nghiep-v3-1/,F17,Có mô tả công khai,mapped,Danh mục công khai
G024,"Webapp · Quản Lý Spa, Phòng khám (v1.0)",https://gsheets.vn/template/webapp-quan-ly-spa-phong-kham-v1-0/,F28,Có mô tả công khai,mapped,Danh mục công khai
G025,Webapp · Quay số trúng thưởng (v2.0),https://gsheets.vn/template/webapp-quay-so-trung-thuong-v2-0/,F29,Có mô tả công khai,mapped,Danh mục công khai
G026,"Webapp · Quản Lý Dự án, Công việc (v5.0)",https://gsheets.vn/template/webapp-quan-ly-du-an-cong-viec-v5-0/,F02,Có mô tả công khai,mapped,Danh mục công khai
G027,Webapp · Quản lý công việc (v2.1),https://gsheets.vn/template/webapp-quan-ly-cong-viec-v2-1/,F02,Có mô tả công khai,mapped,Danh mục công khai
G028,Webapp · Quản lý thu chi Doanh nghiệp (v3.0),https://gsheets.vn/template/webapp-quan-ly-thu-chi-doanh-nghiep-v3-0/,F17,Có mô tả công khai,mapped,Danh mục công khai
G029,Webapp · Quản lý công việc (v2.0),https://gsheets.vn/template/webapp-quan-ly-cong-viec-v2-0/,F02,Có mô tả công khai,mapped,Danh mục công khai
G030,Webapp · Hệ thống tạo Form và Phân quyền dữ liệu (v2.1),https://gsheets.vn/template/webapp-he-thong-tao-form-va-phan-quyen-du-lieu-v2-1/,F21,Có mô tả công khai,mapped,Danh mục công khai
G031,Webapp · Quản lý chăm sóc khách hàng (v7.0),https://gsheets.vn/template/webapp-quan-ly-cham-soc-khach-hang-v7-0/,F05,Có mô tả công khai,mapped,Danh mục công khai
G032,"Webapp · Quản Lý Khách Sạn, Homestay (v1.0)",https://gsheets.vn/template/webapp-quan-ly-khach-san-homestay-v1-0/,F10,Có mô tả công khai,mapped,Danh mục công khai
G033,Webapp · Hệ thống tạo Form và Phân quyền dữ liệu (v1.2),https://gsheets.vn/template/webapp-he-thong-tao-form-va-phan-quyen-du-lieu-v1-2/,F21,Có mô tả công khai,mapped,Danh mục công khai
G034,Webapp · Quay số trúng thưởng (v1.0),https://gsheets.vn/template/webapp-quay-so-trung-thuong-v1-0/,F29,Có mô tả công khai,mapped,Danh mục công khai
G035,Webapp · Quản lý công việc (v1.0),https://gsheets.vn/template/webapp-quan-ly-cong-viec-v1-0/,F02,Thông tin quyền sử dụng,mapped,Danh mục công khai
G036,Webapp · Quản lý chăm sóc khách hàng (v6.0),https://gsheets.vn/template/webapp-quan-ly-cham-soc-khach-hang-v6-0/,F05,Có mô tả công khai,mapped,Danh mục công khai
G037,Webapp · Hệ thống tạo Form và Phân quyền dữ liệu (v2.0),https://gsheets.vn/template/webapp-he-thong-tao-form-va-phan-quyen-du-lieu-v2-0/,F21,Có mô tả công khai,mapped,Danh mục công khai
G038,Webapp · Hệ thống tạo Form và Phân quyền dữ liệu (v1.1),https://gsheets.vn/template/webapp-he-thong-tao-form-va-phan-quyen-du-lieu-v1-1/,F21,Có mô tả công khai,mapped,Danh mục công khai
G039,"Webapp · Quản Lý Dự án, Công việc (v4.1)",https://gsheets.vn/template/webapp-quan-ly-du-an-cong-viec-v4-1/,F02,Có mô tả công khai,mapped,Danh mục công khai
G040,Webapp · Quản lý công nợ khách hàng (v1.0),https://gsheets.vn/template/webapp-quan-ly-cong-no-khach-hang-v1-0/,F30,Mô tả ngắn,mapped,Danh mục công khai
G041,Webapp · Quản lý chăm sóc khách hàng (v5.0),https://gsheets.vn/template/webapp-quan-ly-cham-soc-khach-hang-v5-0/,F05,Có mô tả công khai,mapped,Danh mục công khai
G042,Webapp · Quản Lý Ghi Chú (v1.0),https://gsheets.vn/template/webapp-quan-ly-ghi-chu-v1-0/,F31,Có mô tả công khai,mapped,Danh mục công khai
G043,Webapp · Quản Lý Tuyển Dụng (v2.0),https://gsheets.vn/template/webapp-quan-ly-tuyen-dung-v2-0/,F13,Có mô tả công khai,mapped,Danh mục công khai
G044,"Webapp · Quản Lý Tài Liệu, Văn Bản (v1.0)",https://gsheets.vn/template/webapp-quan-ly-tai-lieu-van-ban-v1-0/,F08,Có mô tả công khai,mapped,Danh mục công khai
G045,Webapp · Quản lý chấm công (v3.0),https://gsheets.vn/template/webapp-quan-ly-cham-cong-v3-0/,F32,Có mô tả công khai,mapped,Danh mục công khai
G046,"Google Sheets · Form Đặt phòng Khách sạn, Homestay (v4.0)",https://gsheets.vn/template/form-dat-phong-khach-san-homestay-v4-0/,F10,Có mô tả công khai,mapped,Danh mục công khai
G047,Webapp · Quản Lý Tài Chính Cá Nhân (v3.0),https://gsheets.vn/template/webapp-quan-ly-tai-chinh-ca-nhan-v3-0/,F33,Có mô tả công khai,mapped,Danh mục công khai
G048,"Webapp · Quản Lý Dự án, Công việc (v4.0)",https://gsheets.vn/template/webapp-quan-ly-du-an-cong-viec-v4-0/,F02,Có mô tả công khai,mapped,Danh mục công khai
G049,"Webapp · Quản lý quán Cafe, Nhà hàng, Quán ăn (v2.0)",https://gsheets.vn/template/webapp-quan-ly-quan-cafe-nha-hang-quan-an-v2-0/,F25,Có mô tả công khai,mapped,Danh mục công khai
G050,Webapp · Hệ thống tạo Form và Phân quyền dữ liệu (v1.0),https://gsheets.vn/template/webapp-he-thong-tao-form-va-phan-quyen-du-lieu-v1-0/,F21,Có mô tả công khai,mapped,Danh mục công khai
G051,Webapp · Quản Lý Nhập Xuất Tồn Kho (v2.0),https://gsheets.vn/template/webapp-quan-ly-nhap-xuat-ton-kho-v2-0/,F18,Mô tả ngắn,mapped,Danh mục công khai
G052,Webapp · Kế hoạch Ngân sách Doanh nghiệp (v2.0),https://gsheets.vn/template/webapp-ke-hoach-ngan-sach-doanh-nghiep-v2-0/,F34,Có mô tả công khai,mapped,Danh mục công khai
G053,Webapp · Quản Lý Tài Chính Cá Nhân (v1.0),https://gsheets.vn/template/webapp-quan-ly-tai-chinh-ca-nhan-v1-0/,F33,Mô tả ngắn,mapped,Danh mục công khai
G054,Webapp · Kế hoạch Ngân sách Doanh nghiệp (v1.0),https://gsheets.vn/template/webapp-ke-hoach-ngan-sach-doanh-nghiep-v1-0/,F34,Có mô tả công khai,mapped,Danh mục công khai
G055,Webapp · Quản lý chăm sóc khách hàng (v4.0),https://gsheets.vn/template/webapp-quan-ly-cham-soc-khach-hang-v4-0/,F05,Có mô tả công khai,mapped,Danh mục công khai
G056,"Webapp · Tạo bản sao Drive, Folder & Google Sheets",https://gsheets.vn/template/webapp-tao-ban-sao-drive-folder-google-sheets/,U25,Mô tả ngắn,mapped,Danh mục công khai
G057,Webapp · Quản Lý Nhập Xuất Tồn Kho (v1.0),https://gsheets.vn/template/webapp-quan-ly-nhap-xuat-ton-kho-v1-0/,F18,Có mô tả công khai,mapped,Danh mục công khai
G058,Webapp · Quản lý chấm công (v1.0),https://gsheets.vn/template/webapp-quan-ly-cham-cong-v1-0/,F32,Có mô tả công khai,mapped,Danh mục công khai
G059,Webapp · Quản lý chấm công (v2.0),https://gsheets.vn/template/webapp-quan-ly-cham-cong-v2-0/,F32,Có mô tả công khai,mapped,Danh mục công khai
G060,Webapp · Quản lý thu chi Doanh nghiệp (v2.0),https://gsheets.vn/template/webapp-quan-ly-thu-chi-doanh-nghiep-v2-0/,F17,Có mô tả công khai,mapped,Danh mục công khai
G061,Google Sheets · Quản Lý Lịch Hẹn,https://gsheets.vn/template/google-sheets-quan-ly-lich-hen-v1-0/,F09,Mô tả ngắn,mapped,Danh mục công khai
G062,Google Sheets · Import Data nhiều FILE tốc độ siêu nhanh (v6.0),https://gsheets.vn/template/import-data-nhieu-file-toc-do-sieu-nhanh-v6-0/,U01,Có mô tả công khai,mapped,Danh mục công khai
G063,Webapp · Quản lý chăm sóc khách hàng (v3.0),https://gsheets.vn/template/webapp-quan-ly-cham-soc-khach-hang-v3-0/,F05,Có mô tả công khai,mapped,Danh mục công khai
G064,Webapp · Quản lý chăm sóc khách hàng (v2.0),https://gsheets.vn/template/webapp-quan-ly-cham-soc-khach-hang-v2-0/,F05,Có mô tả công khai,mapped,Danh mục công khai
G065,Webapp · Quản lý chăm sóc khách hàng (v1.0),https://gsheets.vn/template/webapp-quan-ly-cham-soc-khach-hang-v1-0/,F05,Có mô tả công khai,mapped,Danh mục công khai
G066,"Webapp · Quản Lý Dự án, Công việc (v3.0)",https://gsheets.vn/template/webapp-quan-ly-du-an-cong-viec-v3-0/,F02,Có mô tả công khai,mapped,Danh mục công khai
G067,"Google Sheets · Theo dõi dự án, công việc (v2.0)",https://gsheets.vn/template/theo-doi-du-an-cong-viec-v2-0/,F02,Có mô tả công khai,mapped,Danh mục công khai
G068,Webapp · Tạo Phiếu Khảo Sát Tinh Gọn Thay Thế Google Form (v1.0),https://gsheets.vn/template/webapp-tao-phieu-khao-sat-tinh-gon-thay-the-google-form-v1-0/,F35,Có mô tả công khai,mapped,Danh mục công khai
G069,"Webapp · Quản Lý Dự án, Công việc (v2.0)",https://gsheets.vn/template/webapp-quan-ly-du-an-cong-viec-v2-0/,F02,Có mô tả công khai,mapped,Danh mục công khai
G070,Webapp · Quản Lý Tuyển Dụng (v1.0),https://gsheets.vn/template/webapp-quan-ly-tuyen-dung-v1-0/,F13,Có mô tả công khai,mapped,Danh mục công khai
G071,Webapp · Ứng Dụng Nén Ảnh,https://gsheets.vn/template/webapp-ung-dung-nen-anh/,U26,Tên/chưa mô tả,mapped,Danh mục công khai
G072,Webapp · Quản lý thu chi Doanh nghiệp (v1.0),https://gsheets.vn/template/webapp-quan-ly-thu-chi-doanh-nghiep-v1-0/,F17,Có mô tả công khai,mapped,Danh mục công khai
G073,Webapp · Ứng dụng học Tiếng Anh thông minh (v1.0),https://gsheets.vn/template/webapp-ung-dung-hoc-tieng-anh-thong-minh-v1-0/,F36,Tên/chưa mô tả,mapped,Danh mục công khai
G074,Webapp · Quản lý hồ sơ nhân sự (v1.0),https://gsheets.vn/template/webapp-quan-ly-ho-so-nhan-su-v1-0/,F12,Tên/chưa mô tả,mapped,Danh mục công khai
G075,Google Sheets · Theo dõi công việc (v8.0),https://gsheets.vn/template/theo-doi-cong-viec-v8-0/,F01+F02,Mô tả ngắn,implemented_local,Danh mục công khai
G076,"Google Sheets · Form Đặt phòng Khách sạn, Homestay (v3.0)",https://gsheets.vn/template/form-dat-phong-khach-san-homestay-v3-0/,F10,Mô tả ngắn,mapped,Danh mục công khai
G077,"Webapp · Quản Lý Dự án, Công việc (v1.0)",https://gsheets.vn/template/webapp-quan-ly-du-an-cong-viec-v1-0/,F02,Có mô tả công khai,mapped,Danh mục công khai
G078,Webapp · Quản Lý Chi Tiêu 6 Hũ (v1.0),https://gsheets.vn/template/webapp-quan-ly-chi-tieu-6-hu-v1-0/,F37,Có mô tả công khai,mapped,Danh mục công khai
G079,Webapp · Quản Lý Tài Chính Cá Nhân (v2.0),https://gsheets.vn/template/webapp-quan-ly-tai-chinh-ca-nhan-v2-0/,F33,Có mô tả công khai,mapped,Danh mục công khai
G080,"Webapp · Quản lý quán Cafe, Nhà hàng, Quán ăn (v1.0)",https://gsheets.vn/template/webapp-quan-ly-quan-cafe-nha-hang-quan-an-v1-0/,F25,Có mô tả công khai,mapped,Danh mục công khai
G081,Webapp · Quản Lý Nghỉ Phép Cho Doanh Nghiệp,https://gsheets.vn/template/webapp-quan-ly-nghi-phep-cho-doanh-nghiep/,F38,Tên/chưa mô tả,mapped,Danh mục công khai
G082,Webapp · Quản lý Phê Duyệt Chi Tiền Cho Doanh Nghiệp,https://gsheets.vn/template/webapp-quan-ly-phe-duyet-chi-tien-cho-doanh-nghiep/,F39,Tên/chưa mô tả,mapped,Danh mục công khai
G083,Webapp · Quản Lý Báo Cáo Cơ bản,https://gsheets.vn/template/webapp-quan-ly-bao-cao-co-ban/,F49,Tên/chưa mô tả,mapped,Danh mục công khai
G084,"Google Sheets · Phân quyền nhập, sửa, xoá nhiều form (v2.0)",https://gsheets.vn/template/phan-quyen-nhap-sua-xoa-nhieu-form-v2-0/,F21,Có mô tả công khai,mapped,Danh mục công khai
G085,"Google Sheets · Phân quyền nhập, sửa, xoá nhiều form (v1.1)",https://gsheets.vn/template/phan-quyen-nhap-sua-xoa-nhieu-form-v1-1/,F21,Tên/chưa mô tả,mapped,Danh mục công khai
G086,"Google Sheets · Phân quyền nhập, sửa, xoá nhiều form (v1.0)",https://gsheets.vn/template/phan-quyen-nhap-sua-xoa-nhieu-form-v1-0/,F21,Tên/chưa mô tả,mapped,Danh mục công khai
G087,"Google Sheets · Theo dõi dự án, công việc (v1.0)",https://gsheets.vn/template/theo-doi-du-an-cong-viec-v1-0/,F02,Có mô tả công khai,mapped,Danh mục công khai
G088,Google Sheets · Sales Dashboard,https://gsheets.vn/template/sales-dashboard/,F40,Tên/chưa mô tả,mapped,Danh mục công khai
G089,Google Sheets · Phân quyền nhập liệu nhiều Form từ nhiều file (v2.0),https://gsheets.vn/template/phan-quyen-nhap-lieu-nhieu-form-tu-nhieu-file-v2-0/,F21,Tên/chưa mô tả,mapped,Danh mục công khai
G090,Google Sheets · Phân quyền nhập liệu nhiều Form từ nhiều file (v1.0),https://gsheets.vn/template/phan-quyen-nhap-lieu-nhieu-form-tu-nhieu-file-v1-0/,F21,Tên/chưa mô tả,mapped,Danh mục công khai
G091,Google Sheets · Bảng theo dõi phép năm người lao động,https://gsheets.vn/template/bang-theo-doi-phep-nam-nguoi-lao-dong/,F38,Tên/chưa mô tả,mapped,Danh mục công khai
G092,Google Sheets · Điểm danh và quản lý lớp học (Basic),https://gsheets.vn/template/diem-danh-va-quan-ly-lop-hoc-basic/,F26,Tên/chưa mô tả,mapped,Danh mục công khai
G093,Google Sheets · Import Data nhiều FILE tốc độ siêu nhanh (v5.0),https://gsheets.vn/template/import-data-nhieu-file-toc-do-sieu-nhanh-v5-0/,U01,Mô tả ngắn,mapped,Danh mục công khai
G094,Google Sheets · Theo dõi công việc (song ngữ) (7.0),https://gsheets.vn/template/theo-doi-cong-viec-v7-0/,F01+F02,Mô tả ngắn,implemented_local,Danh mục công khai
G095,Google Sheets · Báo cáo biến động nhân sự (v2.0),https://gsheets.vn/template/bao-cao-bien-dong-nhan-su-v2-0/,F46,Tên/chưa mô tả,mapped,Danh mục công khai
G096,Google Sheets · Báo cáo biến động nhân sự (v2.1),https://gsheets.vn/template/bao-cao-bien-dong-nhan-su-v2-1/,F46,Tên/chưa mô tả,mapped,Danh mục công khai
G097,Google Sheets · Dashboard bán hàng không dùng công thức,https://gsheets.vn/template/dashboard-ban-hang-khong-dung-cong-thuc/,F40,Tên/chưa mô tả,mapped,Danh mục công khai
G098,Google Sheets · Báo cáo CRM (v2.0),https://gsheets.vn/template/bao-cao-crm-v2-0/,F05,Mô tả ngắn,mapped,Danh mục công khai
G099,Google Sheets · Báo cáo kết quả kinh doanh (P&L) – Basic,https://gsheets.vn/template/bao-cao-ket-qua-kinh-doanh-pl-basic/,F48,Tên/chưa mô tả,mapped,Danh mục công khai
G100,Google Sheets · Báo cáo dòng tiền (Cash Flow) – Basic,https://gsheets.vn/template/bao-cao-dong-tien-cash-flow-basic/,F48,Tên/chưa mô tả,mapped,Danh mục công khai
G101,"Google Sheets · NF: Hàm tách mail, sđt, họ, tên, tên đệm, ngày",https://gsheets.vn/template/nf-ham-tach-mail-sdt-ho-ten-ten-dem-ngay/,U03,Tên/chưa mô tả,mapped,Danh mục công khai
G102,Google Sheets · Quản lý hồ sơ nhân sự,https://gsheets.vn/template/quan-ly-ho-so-nhan-su/,F12,Tên/chưa mô tả,mapped,Danh mục công khai
G103,Google Sheets · NF: Hàm bỏ dấu Tiếng Việt,https://gsheets.vn/template/0127-nf-ham-bo-dau-tieng-viet/,U03,Tên/chưa mô tả,mapped,Danh mục công khai
G104,Google Sheets · NF: Hàm tìm kiếm nội dung chứa từ khoá,https://gsheets.vn/template/nf-ham-tim-kiem-noi-dung-chua-tu-khoa/,U21,Tên/chưa mô tả,mapped,Danh mục công khai
G105,Google Sheets · Tạo ID không trùng lặp khi lựa chọn Dropdown,https://gsheets.vn/template/tao-id-khong-trung-lap-khi-lua-chon-dropdown/,U04,Tên/chưa mô tả,mapped,Danh mục công khai
G106,Google Sheets · NF: Tạo ngày và thứ trong tháng,https://gsheets.vn/template/tao-ngay-va-thu-trong-thang/,U05,Tên/chưa mô tả,mapped,Danh mục công khai
G107,Google Sheets · Báo cáo CRM (v3.0),https://gsheets.vn/template/bao-cao-crm-v3-0/,F05,Mô tả ngắn,mapped,Danh mục công khai
G108,Google Sheets · NF: Hàm tải 1 sheet với nhiều định dạng,https://gsheets.vn/template/nf-ham-tai-1-sheet-voi-nhieu-dinh-dang/,U02,Tên/chưa mô tả,mapped,Danh mục công khai
G109,Google Sheets · NF: Hàm chuyển văn bản thành hình ảnh,https://gsheets.vn/template/nf-ham-chuyen-van-ban-thanh-hinh-anh/,U06,Tên/chưa mô tả,mapped,Danh mục công khai
G110,Google Sheets · NF: Hàm chuyển văn bản thành gióng nói,https://gsheets.vn/template/nf-ham-chuyen-van-ban-thanh-giong-noi/,U07,Tên/chưa mô tả,mapped,Danh mục công khai
G111,Google Sheets · NF: Hàm đánh số thứ tự bỏ qua bộ lọc và blank,https://gsheets.vn/template/nf-ham-danh-so-thu-tu-bo-qua-bo-loc-va-blank/,U08,Tên/chưa mô tả,mapped,Danh mục công khai
G112,Google Sheets · NF: Hàm đọc số thành chữ,https://gsheets.vn/template/0118-nf-ham-doc-so-thanh-chu/,U09,Tên/chưa mô tả,mapped,Danh mục công khai
G113,Google Sheets · Ứng dụng nhỏ học từ vựng Tiếng Anh,https://gsheets.vn/template/ung-dung-nho-hoc-tu-vung-tieng-anh/,F36,Tên/chưa mô tả,mapped,Danh mục công khai
G114,Google Sheets · Theo dõi công việc (v6.0),https://gsheets.vn/template/theo-doi-cong-viec-v6-0/,F01+F02,Có mô tả công khai,implemented_local,Danh mục công khai
G115,Google Sheets · Theo dõi thói quen (v1.0),https://gsheets.vn/template/theo-doi-thoi-quen-v1-0/,F41,Mô tả ngắn,mapped,Danh mục công khai
G116,Google Sheets · Dịch và chuyển đổi văn bản thành giọng nói nhiều ngôn ngữ,https://gsheets.vn/template/dich-va-chuyen-doi-van-ban-thanh-giong-noi-nhieu-ngon-ngu/,U07,Tên/chưa mô tả,mapped,Danh mục công khai
G117,Google Sheets · Báo cáo bán hàng (v1.0),https://gsheets.vn/template/bao-cao-ban-hang-v1-0/,F40,Tên/chưa mô tả,mapped,Danh mục công khai
G118,Google Sheets · Báo cáo bán hàng (v1.1),https://gsheets.vn/template/bao-cao-ban-hang-v1-1/,F40,Tên/chưa mô tả,mapped,Danh mục công khai
G119,Google Sheets · Theo dõi thói quen (v3.0),https://gsheets.vn/template/theo-doi-thoi-quen-v3-0/,F41,Có mô tả công khai,mapped,Danh mục công khai
G120,Google Sheets · Theo dõi nhân sự cơ bản,https://gsheets.vn/template/theo-doi-nhan-su-co-ban/,F12,Tên/chưa mô tả,mapped,Danh mục công khai
G121,Google Sheets · Phiếu khảo sát đánh giá cho các phòng ban,https://gsheets.vn/template/phieu-khao-sat-danh-gia-cho-cac-phong-ban/,F35,Tên/chưa mô tả,mapped,Danh mục công khai
G122,Google Sheets · Quản lý thu chi (v2.0),https://gsheets.vn/template/quan-ly-thu-chi-v2-0/,F17,Mô tả ngắn,mapped,Danh mục công khai
G123,Google Sheets · Quản lý thu chi (v2.1),https://gsheets.vn/template/quan-ly-thu-chi-v2-1/,F17,Mô tả ngắn,mapped,Danh mục công khai
G124,Google Sheets · Quản lý thu chi (v1.0),https://gsheets.vn/template/quan-ly-thu-chi-v1-0/,F17,Mô tả ngắn,mapped,Danh mục công khai
G125,Google Sheets · Facebook Ads Dashboard (ver02),https://gsheets.vn/template/0105-facebook-ads-dashboard-ver02/,F47,Tên/chưa mô tả,mapped,Danh mục công khai
G126,Google Sheets · Mẫu báo cáo chấm công cài sẵn công thức,https://gsheets.vn/template/0104-mau-bao-cao-cham-cong-cai-san-cong-thuc/,F32,Tên/chưa mô tả,mapped,Danh mục công khai
G127,Google Sheets · Biểu đồ bong bóng,https://gsheets.vn/template/bieu-do-bong-bong/,U12,Tên/chưa mô tả,mapped,Danh mục công khai
G128,Google Sheets · Báo cáo CRM (v1.0),https://gsheets.vn/template/bao-cao-crm-v1-0/,F05,Mô tả ngắn,mapped,Danh mục công khai
G129,Google Sheets · Quy trình bán hàng,https://gsheets.vn/template/quy-trinh-ban-hang/,F05,Tên/chưa mô tả,mapped,Danh mục công khai
G130,Google Sheets · Thời khoá biểu (v1.0),https://gsheets.vn/template/thoi-khoa-bieu-v1-0/,F42,Mô tả ngắn,mapped,Danh mục công khai
G131,Google Sheets · To do list,https://gsheets.vn/template/to-do-list/,F01,Tên/chưa mô tả,implemented_local,Danh mục công khai
G132,Google Sheets · Tổng hợp xe qua cửa khẩu,https://gsheets.vn/template/tong-hop-xe-qua-cua-khau/,F43,Tên/chưa mô tả,mapped,Danh mục công khai
G133,Google Sheets · Tìm ngày đầu tuần và cuối tuần trong tháng,https://gsheets.vn/template/tim-ngay-dau-tuan-va-cuoi-tuan-trong-thang/,U05,Tên/chưa mô tả,mapped,Danh mục công khai
G134,Google Sheets · Tạo ID ngẫu nhiên không trùng lặp,https://gsheets.vn/template/tao-id-ngau-nhien-khong-trung-lap/,U04,Tên/chưa mô tả,mapped,Danh mục công khai
G135,Google Sheets · Tạo lịch 12 tháng chỉ với 1 công thức,https://gsheets.vn/template/tao-lich-12-thang-chi-voi-1-cong-thuc/,U05,Tên/chưa mô tả,mapped,Danh mục công khai
G136,Google Sheets · Tạo lịch 12 tháng theo chiều ngang,https://gsheets.vn/template/tao-lich-12-thang-theo-chieu-ngang/,U05,Tên/chưa mô tả,mapped,Danh mục công khai
G137,Google Sheets · Check sim số đẹp 4 số cuối,https://gsheets.vn/template/check-sim-so-dep-4-so-cuoi/,U10,Tên/chưa mô tả,mapped,Danh mục công khai
G138,Google Sheets · Trộn thư bằng công thức Google Sheets,https://gsheets.vn/template/tron-thu-bang-cong-thuc-google-sheets/,U11,Tên/chưa mô tả,mapped,Danh mục công khai
G139,"Google Sheets · Tách phường, quận, tỉnh/thành phố",https://gsheets.vn/template/tach-phuong-quan-tinh-thanh-pho/,U03,Tên/chưa mô tả,mapped,Danh mục công khai
G140,Google Sheets · Dùng ký tự đặc biệt để vẽ biểu đồ,https://gsheets.vn/template/dung-ky-tu-dac-biet-de-ve-bieu-do/,U12,Tên/chưa mô tả,mapped,Danh mục công khai
G141,Google Sheets · Lọc từ khoá,https://gsheets.vn/template/loc-tu-khoa/,U21,Tên/chưa mô tả,mapped,Danh mục công khai
G142,Google Sheets · Đọc số thành chữ nhiều ngôn ngữ,https://gsheets.vn/template/doc-so-thanh-chu-nhieu-ngon-ngu/,U09,Tên/chưa mô tả,mapped,Danh mục công khai
G143,Google Sheets · Tính tổng chỉ tiêu theo chiều ngang,https://gsheets.vn/template/tinh-tong-chi-tieu-theo-chieu-ngang/,U13,Tên/chưa mô tả,mapped,Danh mục công khai
G144,Google Sheets · Phân bổ khấu hao tài sản đường thẳng,https://gsheets.vn/template/phan-bo-khau-hao-tai-san-duong-thang/,F44,Tên/chưa mô tả,mapped,Danh mục công khai
G145,Google Sheets · Đảo ký tự với char(8238),https://gsheets.vn/template/dao-ky-tu-voi-char8238/,U15,Tên/chưa mô tả,mapped,Danh mục công khai
G146,"Google Sheets · Tổng hợp dữ liệu từ nhiều file, nhiều sheet khác nhau",https://gsheets.vn/template/tong-hop-du-lieu-tu-nhieu-file-nhieu-sheet-khac-nhau/,U01,Tên/chưa mô tả,mapped,Danh mục công khai
G147,Google Sheets · Hiển thị hình ảnh lưu trong drive,https://gsheets.vn/template/hien-thi-hinh-anh-luu-trong-drive/,U16,Tên/chưa mô tả,mapped,Danh mục công khai
G148,Google Sheets · Gửi Mail Cá Nhân Hoá Bằng Công Thức (v2.0),https://gsheets.vn/template/gui-mail-ca-nhan-hoa-v2-0/,U11,Tên/chưa mô tả,mapped,Danh mục công khai
G149,Google Sheets · Phân nhóm ngẫu nhiên và không ngẫu nhiên,https://gsheets.vn/template/phan-nhom-ngau-nhien-va-khong-ngau-nhien/,U17,Tên/chưa mô tả,mapped,Danh mục công khai
G150,Google Sheets · Tách họ và tên với Regex,https://gsheets.vn/template/tach-ho-va-ten-voi-regex/,U03,Tên/chưa mô tả,mapped,Danh mục công khai
G151,Google Sheets · Pivot nhiều giá trị chuỗi,https://gsheets.vn/template/pivot-nhieu-gia-tri-chuoi/,U14,Tên/chưa mô tả,mapped,Danh mục công khai
G152,Google Sheets · Unpivot,https://gsheets.vn/template/unpivot/,U14,Tên/chưa mô tả,mapped,Danh mục công khai
G153,Google Sheets · Cộng dồn nhiều điều kiện,https://gsheets.vn/template/cong-don-nhieu-dieu-kien/,U13,Tên/chưa mô tả,mapped,Danh mục công khai
G154,Google Sheets · Tìm dòng cuối chứa dữ liệu,https://gsheets.vn/template/tim-dong-cuoi-chua-du-lieu/,U22,Tên/chưa mô tả,mapped,Danh mục công khai
G155,Google Sheets · Rút gọn họ và tên,https://gsheets.vn/template/rut-gon-ho-va-ten/,U03,Tên/chưa mô tả,mapped,Danh mục công khai
G156,Google Sheets · Làm sạch số điện thoại,https://gsheets.vn/template/lam-sach-so-dien-thoai/,U03,Tên/chưa mô tả,mapped,Danh mục công khai
G157,Google Sheets · Tổng hợp các sắc thái đánh số thứ tự,https://gsheets.vn/template/tong-hop-cac-sac-thai-danh-so-thu-tu/,U08,Tên/chưa mô tả,mapped,Danh mục công khai
G158,Google Sheets · Loại bỏ dấu câu,https://gsheets.vn/template/loai-bo-dau-cau/,U03,Tên/chưa mô tả,mapped,Danh mục công khai
G159,Google Sheets · Lấp đầy dữ liệu,https://gsheets.vn/template/lap-day-du-lieu/,U22,Tên/chưa mô tả,mapped,Danh mục công khai
G160,Google Sheets · Dịch song song tất cả các ngôn ngữ trên thế giới,https://gsheets.vn/template/dich-song-song-tat-ca-cac-ngon-ngu-tren-the-gioi/,U07,Tên/chưa mô tả,mapped,Danh mục công khai
G161,Google Sheets · Tạo next page bằng hàm query kết hợp Hyperlink,https://gsheets.vn/template/tao-next-page-bang-ham-query-ket-hop-hyperlink/,U21,Tên/chưa mô tả,mapped,Danh mục công khai
G162,Google Sheets · Importrange lấy theo Tên tiêu đề cột,https://gsheets.vn/template/importrange-lay-theo-ten-tieu-de-cot/,U01,Tên/chưa mô tả,mapped,Danh mục công khai
G163,Google Sheets · Tạo list phụ thuộc nhiều cấp độ không dùng code,https://gsheets.vn/template/tao-list-phu-thuoc-nhieu-cap-do-khong-dung-code/,U18,Tên/chưa mô tả,mapped,Danh mục công khai
G164,Google Sheets · Đọc số thành chữ,https://gsheets.vn/template/doc-so-thanh-chu/,U09,Tên/chưa mô tả,mapped,Danh mục công khai
G165,Google Sheets · Tổng hợp dữ liệu từ nhiều Sheet về một Sheet,https://gsheets.vn/template/tong-hop-du-lieu-tu-nhieu-sheet-ve-mot-sheet/,U01,Tên/chưa mô tả,mapped,Danh mục công khai
G166,Google Sheets · Quản lý phân quyền file tập trung,https://gsheets.vn/template/quan-ly-phan-quyen-file-tap-trung/,U19,Tên/chưa mô tả,mapped,Danh mục công khai
G167,Google Sheets · Điểm danh học sinh (v2.0),https://gsheets.vn/template/diem-danh-hoc-sinh-v2-0/,F26,Tên/chưa mô tả,mapped,Danh mục công khai
G168,Google Sheets · Backup data nhiều file,https://gsheets.vn/template/backup-data-nhieu-file/,U20,Tên/chưa mô tả,mapped,Danh mục công khai
G169,Google Sheets · Theo dõi công việc (v2.0),https://gsheets.vn/template/theo-doi-cong-viec-v2-0/,F01+F02,Mô tả ngắn,implemented_local,Danh mục công khai
G170,Google Sheets · Tìm kiếm nhà bán bất động sản,https://gsheets.vn/template/tim-kiem-nha-ban-bat-dong-san/,F22,Tên/chưa mô tả,mapped,Danh mục công khai
G171,Google Sheets · Phân quyền nhập liệu nhiều Form từ nhiều file (v1.1),https://gsheets.vn/template/phan-quyen-nhap-lieu-nhieu-form-tu-nhieu-file-v1-1/,F21,Mô tả ngắn,mapped,Danh mục công khai
G172,Google Sheets · Bảng chấm công (v3.0),https://gsheets.vn/template/bang-cham-cong-v3-0/,F32,Có mô tả công khai,mapped,Danh mục công khai
G173,Google Sheets · Theo dõi công việc (v4.0),https://gsheets.vn/template/theo-doi-cong-viec-v4-0/,F01+F02,Mô tả ngắn,implemented_local,Danh mục công khai
G174,Google Sheets · Theo dõi ăn trưa công sở,https://gsheets.vn/template/theo-doi-an-trua-cong-so/,F45,Tên/chưa mô tả,mapped,Danh mục công khai
G175,Google Sheets · Đồng bộ calandar với Google Sheets,https://gsheets.vn/template/dong-bo-calandar-voi-google-sheets/,U28,Tên/chưa mô tả,mapped,Danh mục công khai
G176,Google Sheets · Import Data nhiều FILE tốc độ siêu nhanh (v2.0),https://gsheets.vn/template/import-data-nhieu-file-toc-do-sieu-nhanh-v2-0/,U01,Mô tả ngắn,mapped,Danh mục công khai
G177,Google Sheets · Điểm danh học sinh (v1.0),https://gsheets.vn/template/diem-danh-hoc-sinh-v1-0/,F26,Tên/chưa mô tả,mapped,Danh mục công khai
G178,Google Sheets · Import Data nhiều FILE tốc độ siêu nhanh (v1.0),https://gsheets.vn/template/import-data-nhieu-file-toc-do-sieu-nhanh-v1-0/,U01,Mô tả ngắn,mapped,Danh mục công khai
G179,Google Sheets · Import Data nhiều FILE tốc độ siêu nhanh (v3.0),https://gsheets.vn/template/import-data-nhieu-file-toc-do-sieu-nhanh-v3-0/,U01,Mô tả ngắn,mapped,Danh mục công khai
G180,Google Sheets · Lọc số sim,https://gsheets.vn/template/loc-so-sim/,U10,Tên/chưa mô tả,mapped,Danh mục công khai
G181,Google Sheets · Báo cáo Nhập Xuất Tồn (v3.0),https://gsheets.vn/template/bao-cao-nhap-xuat-ton-v3-0/,F18,Mô tả ngắn,mapped,Danh mục công khai
G182,Google Sheets · Báo cáo Nhập Xuất Tồn (v1.0),https://gsheets.vn/template/bao-cao-nhap-xuat-ton-v1-0/,F18,Mô tả ngắn,mapped,Danh mục công khai
G183,Google Sheets · Bảng chấm công (v2.0),https://gsheets.vn/template/bang-cham-cong-v2-0/,F32,Có mô tả công khai,mapped,Danh mục công khai
G184,Google Sheets · Báo cáo doanh thu (v2.0),https://gsheets.vn/template/bao-cao-doanh-thu-v2-0/,F40,Mô tả ngắn,mapped,Danh mục công khai
G185,Google Sheets · Bảng chấm công (v1.0),https://gsheets.vn/template/bang-cham-cong-v1-0/,F32,Có mô tả công khai,mapped,Danh mục công khai
G186,Google Sheets · Quy trình tuyển dụng giản đơn,https://gsheets.vn/template/quy-trinh-tuyen-dung-gian-don/,F13,Tên/chưa mô tả,mapped,Danh mục công khai
G187,Google Sheets · Quản lý chi tiêu 6 hũ (v1.0),https://gsheets.vn/template/quan-ly-chi-tieu-6-hu-v1-0/,F37,Mô tả ngắn,mapped,Danh mục công khai
G188,Google Sheets · Quản lý chi tiêu 6 hũ (v2.0),https://gsheets.vn/template/quan-ly-chi-tieu-6-hu-v2-0/,F37,Mô tả ngắn,mapped,Danh mục công khai
G189,Google Sheets · Theo dõi thói quen (v2.0),https://gsheets.vn/template/theo-doi-thoi-quen-v2-0/,F41,Mô tả ngắn,mapped,Danh mục công khai
G190,Google Sheets · Ghi chú thời gian biểu,https://gsheets.vn/template/ghi-chu-thoi-gian-bieu/,F31,Tên/chưa mô tả,mapped,Danh mục công khai
G191,Google Sheets · Thời khoá biểu (v2.0),https://gsheets.vn/template/thoi-khoa-bieu-v2-0/,F42,Mô tả ngắn,mapped,Danh mục công khai
G192,Google Sheets · Gửi Mail Cá Nhân Hoá Bằng Công Thức (v1.0),https://gsheets.vn/template/gui-mail-ca-nhan-hoa-v1-0/,U11,Tên/chưa mô tả,mapped,Danh mục công khai
G193,Google Sheets · Tạo card visit,https://gsheets.vn/template/tao-card-visit/,U06,Tên/chưa mô tả,mapped,Danh mục công khai
G194,"Google Sheets · Phiếu tính giá, check căn (v2.0)",https://gsheets.vn/template/phieu-tinh-gia-v2-0/,F22,Tên/chưa mô tả,mapped,Danh mục công khai
G195,Google Sheets · Theo dõi công việc (v1.0),https://gsheets.vn/template/theo-doi-cong-viec-v1-0/,F01+F02,Mô tả ngắn,implemented_local,Danh mục công khai
G196,"Google Sheets · Phiếu tính giá, check căn (v1.0)",https://gsheets.vn/template/phieu-tinh-gia-v1-0/,F22,Tên/chưa mô tả,mapped,Danh mục công khai
G197,Google Sheets · Tìm kiếm mã số thuế,https://gsheets.vn/template/tim-kiem-ma-so-thue/,U27,Tên/chưa mô tả,mapped,Danh mục công khai
G198,Google Sheets · Form nhập liệu,https://gsheets.vn/template/form-nhap-lieu/,F21,Tên/chưa mô tả,mapped,Danh mục công khai
G199,Google Sheets · Theo dõi công việc (v3.0),https://gsheets.vn/template/theo-doi-cong-viec-v3-0/,F01+F02,Mô tả ngắn,implemented_local,Danh mục công khai
G200,Google Sheets · Sơ đồ Gantt (v1.0),https://gsheets.vn/template/so-do-gantt-v1-0/,F02,Mô tả ngắn,mapped,Danh mục công khai
G201,Google Sheets · Báo cáo biến động nhân sự (v1.0),https://gsheets.vn/template/bao-cao-bien-dong-nhan-su-v1-0/,F46,Tên/chưa mô tả,mapped,Danh mục công khai
G202,Google Sheets · Quản Lý Tuyển Dụng,https://gsheets.vn/template/quan-ly-tuyen-dung-v1-0/,F13,Mô tả ngắn,mapped,Danh mục công khai
G203,Google Sheets · Cách phối màu cho Google Sheets,https://gsheets.vn/template/cach-phoi-mau-cho-google-sheets/,U29,Tên/chưa mô tả,mapped,Danh mục công khai
G204,Google Sheets · Hàm Query và Importrange – Hàm truy vấn dữ liệu top 1,https://gsheets.vn/template/ham-query-va-importrange-ham-truy-van-du-lieu-top-1/,U21,Tên/chưa mô tả,mapped,Danh mục công khai
G205,Google Sheets · Tài nguyên hàm Regex – Hàm xử lý dữ liệu mạnh nhất,https://gsheets.vn/template/tai-nguyen-ham-regex-ham-xu-ly-du-lieu-manh-nhat/,U03,Tên/chưa mô tả,mapped,Danh mục công khai
G206,Google Sheets · Đổi lịch âm sang dương (code),https://gsheets.vn/template/doi-lich-am-sang-duong-code/,U23,Tên/chưa mô tả,mapped,Danh mục công khai
G207,Google Sheets · Đóng băng các hàm không cố định,https://gsheets.vn/template/dong-bang-cac-ham-khong-co-dinh/,U24,Tên/chưa mô tả,mapped,Danh mục công khai
G208,Google Sheets · Tìm giá trị trả về tiêu đề tương ứng,https://gsheets.vn/template/tim-gia-tri-tra-ve-tieu-de-tuong-ung/,U13,Tên/chưa mô tả,mapped,Danh mục công khai
G209,Google Sheets · Khoá dữ liệu loại trừ (code),https://gsheets.vn/template/khoa-du-lieu-loai-tru-code/,U19,Tên/chưa mô tả,mapped,Danh mục công khai
G210,Google Sheets · Cách tải 1 sheet từ Google Sheets,https://gsheets.vn/template/cach-tai-1-sheet-tu-google-sheets/,U02,Tên/chưa mô tả,mapped,Danh mục công khai
G211,Google Sheets · Tạo bản sao nhiều thư mục Driver,https://gsheets.vn/template/tao-ban-sao-nhieu-thu-muc-driver/,U25,Tên/chưa mô tả,mapped,Danh mục công khai
G212,Google Sheets · Báo cáo chi phí,https://gsheets.vn/template/bao-cao-chi-phi/,F48,Tên/chưa mô tả,mapped,Danh mục công khai
G213,Google Sheets · Báo cáo biến động nhân sự (v1.1),https://gsheets.vn/template/bao-cao-bien-dong-nhan-su-v1-1/,F46,Tên/chưa mô tả,mapped,Danh mục công khai
G214,Google Sheets · Báo cáo doanh thu (v1.0),https://gsheets.vn/template/bao-cao-doanh-thu-v1-0/,F40,Mô tả ngắn,mapped,Danh mục công khai
G215,Google Sheets · Báo cáo doanh thu (v4.0),https://gsheets.vn/template/bao-cao-doanh-thu-v4-0/,F40,Mô tả ngắn,mapped,Danh mục công khai
G216,Google Sheets · Theo dõi công việc (v5.0),https://gsheets.vn/template/theo-doi-cong-viec-v5-0/,F01+F02,Mô tả ngắn,implemented_local,Danh mục công khai
G217,Google Sheets · Báo cáo Nhập Xuất Tồn (v2.0),https://gsheets.vn/template/bao-cao-nhap-xuat-ton-v2-0/,F18,Mô tả ngắn,mapped,Danh mục công khai
G218,Google Sheets · Tính ngày kết thúc phí trung tâm tiếng anh,https://gsheets.vn/template/tinh-ngay-ket-thuc-phi-trung-tam-tieng-anh/,F26,Tên/chưa mô tả,mapped,Danh mục công khai
G219,Google Sheets · Quản lý chi tiêu cơ bản,https://gsheets.vn/template/quan-ly-chi-tieu-co-ban/,F33,Tên/chưa mô tả,mapped,Danh mục công khai
G220,Google Sheets · Báo cáo chạy quảng cáo,https://gsheets.vn/template/bao-cao-chay-quang-cao/,F47,Tên/chưa mô tả,mapped,Danh mục công khai
G221,Google Sheets · Dropdown phụ thuộc 4 level (code),https://gsheets.vn/template/dropdown-phu-thuoc-4-level-code/,U18,Tên/chưa mô tả,mapped,Danh mục công khai
G222,Google Sheets · Dropdown phụ thuộc 3 level (code),https://gsheets.vn/template/dropdown-phu-thuoc-3-level-code/,U18,Tên/chưa mô tả,mapped,Danh mục công khai
G223,Google Sheets · Dropdown phụ thuộc 2 level (code),https://gsheets.vn/template/dropdown-phu-thuoc-2-level-code/,U18,Tên/chưa mô tả,mapped,Danh mục công khai
G224,Google Sheets · Import Data nhiều FILE tốc độ siêu nhanh (v4.0),https://gsheets.vn/template/import-data-nhieu-file-toc-do-sieu-nhanh-v4-0/,U01,Mô tả ngắn,mapped,Danh mục công khai
G225,Google Sheets · Báo cáo công nợ,https://gsheets.vn/template/bao-cao-cong-no/,F30,Mô tả ngắn,mapped,Danh mục công khai
G226,Google Sheets · Sơ đồ Gantt (v2.0),https://gsheets.vn/template/so-do-gantt-v2-0/,F02,Mô tả ngắn,mapped,Danh mục công khai
G227,Google Sheets · Báo cáo doanh thu (v3.0),https://gsheets.vn/template/bao-cao-doanh-thu-v3-0/,F40,Mô tả ngắn,mapped,Danh mục công khai
X001,Bài giới thiệu Notion Life Planner,https://taphoasheet.store/tang-mien-phi-template-notion-life-planner-2025/,F50,Đã đọc bài giới thiệu 6 nhóm nhu cầu; chưa kiểm kê các trang bên trong bản Notion,mapped,Bổ sung ngoài danh mục shop
