TableName,ColumnName,Type,Required,IsKey,IsLabel,InitialValue,AppFormula,ValidIf,EditableIf,RefTable
EMPLOYEES,ID,Text,Y,Y,N,UNIQUEID(),,,FALSE,
EMPLOYEES,EmployeeCode,Text,Y,N,N,,,,TRUE,
EMPLOYEES,FullName,Text,Y,N,Y,,,,TRUE,
EMPLOYEES,Email,Email,Y,N,N,,,,TRUE,
EMPLOYEES,Phone,Phone,N,N,N,,,,TRUE,
EMPLOYEES,DepartmentID,Ref,Y,N,N,,,,TRUE,DEPARTMENTS
EMPLOYEES,PositionID,Ref,Y,N,N,,,,TRUE,POSITIONS
EMPLOYEES,EmploymentStatus,Enum,Y,N,N,"ACTIVE",,LIST("ACTIVE", "PROBATION", "INTERN", "ON_LEAVE", "TERMINATED"),TRUE,
EMPLOYEES,JoinDate,Date,Y,N,N,TODAY(),,,TRUE,
EMPLOYEES,ExitDate,Date,N,N,N,,,,TRUE,
EMPLOYEES,CreatedAt,DateTime,Y,N,N,NOW(),,,FALSE,
EMPLOYEES,UpdatedAt,DateTime,Y,N,N,NOW(),,,FALSE,
EMPLOYEES,CreatedBy,Email,Y,N,N,USEREMAIL(),,,FALSE,
EMPLOYEES,RowVersion,Number,Y,N,N,1,,,FALSE,
EMPLOYEES,Archived,Yes/No,Y,N,N,FALSE,,,FALSE,
CONTRACTS,ID,Text,Y,Y,N,UNIQUEID(),,,FALSE,
CONTRACTS,ContractNumber,Text,Y,N,Y,,,,TRUE,
CONTRACTS,EmployeeID,Ref,Y,N,N,,,,TRUE,EMPLOYEES
CONTRACTS,ContractType,Enum,Y,N,N,"PROBATION",,LIST("PROBATION", "DEFINITE_1Y", "DEFINITE_3Y", "INDEFINITE"),TRUE,
CONTRACTS,StartDate,Date,Y,N,N,TODAY(),,,TRUE,
CONTRACTS,EndDate,Date,N,N,N,,,,TRUE,
CONTRACTS,Status,Enum,Y,N,N,"ACTIVE",,LIST("DRAFT", "ACTIVE", "EXPIRED", "TERMINATED"),TRUE,
