SKU,Version,Trạng_thái,Freeze,Gate_G0,Gate_G1,Gate_G2,Gate_G3
F01,1.0.0,implemented_local,CÓ,NOT_RUN,NOT_RUN,NOT_RUN,NOT_RUN
F02,1.0.0,implemented_local,CÓ,NOT_RUN,NOT_RUN,NOT_RUN,NOT_RUN
F05,1.0.0,implemented_local,CÓ,NOT_RUN,NOT_RUN,NOT_RUN,NOT_RUN
F05,3.0.0-vi,implemented_local,KHÔNG_ÁP_DỤNG,PASS,PASS,blocked_external_setup,blocked_external_setup
F07,1.0.0,implemented_local,CÓ,NOT_RUN,NOT_RUN,NOT_RUN,NOT_RUN
F08,1.0.0,implemented_local,CÓ,NOT_RUN,NOT_RUN,NOT_RUN,NOT_RUN
F09,1.0.0,implemented_local,CÓ,NOT_RUN,NOT_RUN,NOT_RUN,NOT_RUN
F10,1.0.0,implemented_local,CÓ,NOT_RUN,NOT_RUN,NOT_RUN,NOT_RUN
F12,1.0.0,implemented_local,CÓ,NOT_RUN,NOT_RUN,NOT_RUN,NOT_RUN
F13,1.0.0,implemented_local,CÓ,NOT_RUN,NOT_RUN,NOT_RUN,NOT_RUN
F17,1.0.0,implemented_local,CÓ,NOT_RUN,NOT_RUN,NOT_RUN,NOT_RUN
F18,1.0.0,implemented_local,CÓ,NOT_RUN,NOT_RUN,NOT_RUN,NOT_RUN
F19,1.0.0,implemented_local,CÓ,NOT_RUN,NOT_RUN,NOT_RUN,NOT_RUN
F20,1.0.0,implemented_local,CÓ,NOT_RUN,NOT_RUN,NOT_RUN,NOT_RUN
F21,1.0.0,implemented_local,CÓ,NOT_RUN,NOT_RUN,NOT_RUN,NOT_RUN
F24,1.0.0,implemented_local,CÓ,NOT_RUN,NOT_RUN,NOT_RUN,NOT_RUN
F26,1.0.0,implemented_local,CÓ,NOT_RUN,NOT_RUN,NOT_RUN,NOT_RUN
F28,1.0.0,implemented_local,CÓ,NOT_RUN,NOT_RUN,NOT_RUN,NOT_RUN
F30,1.0.0,implemented_local,CÓ,NOT_RUN,NOT_RUN,NOT_RUN,NOT_RUN
F32,1.0.0,implemented_local,CÓ,NOT_RUN,NOT_RUN,NOT_RUN,NOT_RUN
F34,1.0.0,implemented_local,CÓ,NOT_RUN,NOT_RUN,NOT_RUN,NOT_RUN
F38,1.0.0,implemented_local,CÓ,NOT_RUN,NOT_RUN,NOT_RUN,NOT_RUN
F48,1.0.0,implemented_local,CÓ,NOT_RUN,NOT_RUN,NOT_RUN,NOT_RUN
